Country,Year,BMI
Afghanistan,2015,19.1
Afghanistan,2014,18.6
Afghanistan,2013,18.1
Afghanistan,2012,17.6
Afghanistan,2011,17.2
Afghanistan,2010,16.7
Afghanistan,2009,16.2
Afghanistan,2008,15.7
Afghanistan,2007,15.2
Afghanistan,2006,23.276239750958176
Afghanistan,2005,23.276239750958176
Afghanistan,2004,23.233694753830974
Afghanistan,2003,23.191149756703766
Afghanistan,2002,23.120241428158423
Afghanistan,2001,22.992606436776807
Afghanistan,2000,22.921698108231464
Albania,2015,26.18348122131724
Albania,2014,26.140936224190035
Albania,2013,26.09839122706283
Albania,2012,26.055846229935625
Albania,2011,26.013301232808416
Albania,2010,25.956574569972144
Albania,2009,25.942392904263073
Albania,2008,25.82893957859053
Albania,2007,25.91402957284494
Albania,2006,25.67294125579077
Albania,2005,25.57366959582729
Albania,2004,25.502761267281947
Albania,2003,25.474397935863813
Albania,2002,25.545306264409156
Albania,2001,25.587851261536358
Albania,2000,25.44603460444567
Algeria,2014,25.843121244299596
Algeria,2013,25.82893957859053
Algeria,2012,25.800576247172387
Algeria,2011,25.772212915754253
Algeria,2010,25.743849584336115
Algeria,2009,25.70130458720891
Algeria,2008,25.6587595900817
Algeria,2007,25.6162145929545
Algeria,2006,25.559487930118223
Algeria,2005,25.48857960157288
Algeria,2004,25.40348960731847
Angola,2014,22.7
Angola,2013,22.1
Angola,2012,21.5
Angola,2011,21.0
Angola,2010,22.184251491359895
Angola,2009,19.8
Angola,2008,19.3
Angola,2007,18.8
Argentina,2014,25.956574569972144
Argentina,2013,25.928211238554006
Argentina,2012,25.91402957284494
Argentina,2011,25.8856662414268
Argentina,2010,25.857302910008663
Argentina,2009,25.87148457571773
Argentina,2008,25.843121244299596
Argentina,2007,25.758031250045185
Argentina,2006,25.814757912881458
Argentina,2005,25.772212915754253
Argentina,2004,25.743849584336115
Argentina,2003,25.6587595900817
Argentina,2002,25.6587595900817
Armenia,2014,25.729667918627044
Armenia,2013,25.70130458720891
Armenia,2012,25.70130458720891
Armenia,2011,25.630396258663566
Armenia,2010,25.57366959582729
Armenia,2009,25.545306264409156
Armenia,2008,25.53112459870009
Armenia,2007,25.57366959582729
Armenia,2006,25.48857960157288
Armenia,2005,25.502761267281947
Armenia,2004,25.502761267281947
Armenia,2003,25.460216270154746
Armenia,2002,25.44603460444567
Armenia,2001,25.44603460444567
Armenia,2000,25.36094461019126
Australia,2014,26.8783828410616
Australia,2013,26.850019509643467
Australia,2012,26.82165617822533
Australia,2011,26.779111181098123
Australia,2010,26.764929515389056
Australia,2009,26.736566183970915
Australia,2008,26.679839521134642
Australia,2007,26.679839521134642
Australia,2006,26.66565785542557
Australia,2005,26.637294524007437
Australia,2004,27.34637780946087
Australia,2003,26.92092783818881
Australia,2002,26.481296201207684
Australia,2001,26.481296201207684
Austria,2014,26.694021186843713
Austria,2013,26.651476189716504
Austria,2012,27.63001112364224
Austria,2011,27.63001112364224
Austria,2010,27.062744495279496
Austria,2009,26.779111181098123
Austria,2008,27.062744495279496
Austria,2007,26.637294524007437
Austria,2006,26.467114535498613
Austria,2005,26.41038787266234
Austria,2004,26.39620620695327
Austria,2003,26.325297878407927
Austria,2002,26.31111621269886
Austria,2001,26.29693454698979
Austria,2000,26.226026218444446
Azerbaijan,2014,25.431852938736604
Azerbaijan,2013,25.389307941609403
Azerbaijan,2012,25.346762944482194
Azerbaijan,2011,25.304217947354985
Azerbaijan,2010,25.233309618809642
Azerbaijan,2009,26.21184455273538
Azerbaijan,2008,25.502761267281947
Azerbaijan,2007,25.502761267281947
Azerbaijan,2006,24.963857970337344
Azerbaijan,2005,24.850404644664792
Azerbaijan,2004,24.850404644664792
Azerbaijan,2003,24.76531465041038
Azerbaijan,2002,24.76531465041038
Bangladesh,2014,17.7
Bangladesh,2013,17.0
Bangladesh,2012,16.4
Bangladesh,2011,15.8
Bangladesh,2010,15.2
Bangladesh,2009,25.006402967464545
Bangladesh,2008,24.949676304628273
Bangladesh,2007,24.87876797608293
Bangladesh,2006,24.822041313246658
Bangladesh,2005,24.76531465041038
Bangladesh,2004,24.69440632186504
Bangladesh,2003,24.623497993319695
Belarus,2014,25.36094461019126
Belarus,2013,25.31839961306406
Belarus,2012,25.346762944482194
Belarus,2011,25.36094461019126
Belarus,2010,25.502761267281947
Belarus,2009,25.07731129600989
Belarus,2008,25.07731129600989
Belarus,2007,25.048947964591754
Belarus,2006,24.921312973210135
Belarus,2005,24.807859647537587
Belarus,2004,24.822041313246658
Belarus,2003,24.751132984701314
Belarus,2002,24.68022465615597
Belarus,2001,24.751132984701314
Belarus,2000,24.793677981828516
Belgium,2014,27.771827780732924
Belgium,2013,27.488194466551555
Belgium,2012,26.92092783818881
Belgium,2011,26.92092783818881
Belgium,2010,26.49547786691675
Belgium,2009,26.467114535498613
Belgium,2008,26.424569538371408
Belgium,2007,26.424569538371408
Belgium,2006,26.41038787266234
Belgium,2005,26.339479544116998
Belgium,2004,26.325297878407927
Belgium,2003,26.254389549862584
Belgium,2002,26.21184455273538
Belgium,2001,26.21184455273538
Belgium,2000,26.155117889899103
Belize,2014,25.07731129600989
Belize,2013,25.048947964591754
Belize,2012,24.992221301755478
Belize,2011,24.992221301755478
Belize,2010,25.006402967464545
Belize,2009,25.006402967464545
Belize,2008,25.020584633173616
Belize,2007,25.020584633173616
Belize,2006,24.992221301755478
Belize,2005,24.935494638919202
Belize,2004,24.892949641792
Belize,2003,24.850404644664792
Belize,2002,24.86458631037386
Belize,2001,24.822041313246658
Belize,2000,24.836222978955725
Benin,2014,25.2
Benin,2013,24.6
Benin,2012,24.1
Benin,2011,23.5
Benin,2010,23.0
Benin,2009,22.5
Benin,2008,22.0
Benin,2007,21.5
Benin,2006,21.0
Benin,2005,23.16278642528563
Benin,2004,23.106059762449355
Benin,2003,19.7
Benin,2002,19.2
Bhutan,2014,23.6
Bhutan,2013,22.7
Bhutan,2012,21.9
Bhutan,2011,21.1
Bhutan,2010,24.77949631611945
Bhutan,2009,19.5
Bhutan,2008,18.8
Bhutan,2007,18.0
Bhutan,2006,17.4
Bhutan,2005,16.7
Bhutan,2004,16.1
Bhutan,2003,15.5
Bhutan,2002,24.013686367829745
Bhutan,2001,23.900233042157197
Bhutan,2000,23.942778039284402
Bosnia and Herzegovina,2014,26.09839122706283
Bosnia and Herzegovina,2013,26.070027895644692
Bosnia and Herzegovina,2012,26.041664564226554
Bosnia and Herzegovina,2011,26.055846229935625
Bosnia and Herzegovina,2010,25.984937901390282
Bosnia and Herzegovina,2009,25.942392904263073
Bosnia and Herzegovina,2008,25.928211238554006
Bosnia and Herzegovina,2007,25.843121244299596
Bosnia and Herzegovina,2006,25.8856662414268
Bosnia and Herzegovina,2005,25.78639458146332
Bosnia and Herzegovina,2004,25.857302910008663
Botswana,2014,37.3
Botswana,2013,36.8
Botswana,2012,36.2
Botswana,2011,35.7
Botswana,2010,35.2
Botswana,2009,34.7
Botswana,2008,34.2
Botswana,2007,33.7
Botswana,2006,33.2
Botswana,2005,32.7
Botswana,2004,32.2
Botswana,2003,31.6
Botswana,2002,31.1
Botswana,2001,21.772983185796907
Botswana,2000,29.9
Brazil,2014,25.758031250045185
Brazil,2013,25.743849584336115
Brazil,2012,25.715486252917977
Brazil,2011,25.6587595900817
Brazil,2010,25.6162145929545
Brazil,2009,25.587851261536358
Brazil,2008,25.559487930118223
Brazil,2007,25.545306264409156
Brazil,2006,25.502761267281947
Brazil,2005,25.460216270154746
Brazil,2004,25.36094461019126
Brazil,2003,25.332581278773127
Brazil,2002,25.27585461593685
Brazil,2001,25.219127953100575
Brazil,2000,25.78639458146332
Bulgaria,2014,25.687122921499842
Bulgaria,2013,25.6587595900817
Bulgaria,2012,25.630396258663566
Bulgaria,2011,25.60203292724543
Bulgaria,2010,25.559487930118223
Bulgaria,2009,25.53112459870009
Bulgaria,2008,25.48857960157288
Bulgaria,2007,25.44603460444567
Bulgaria,2006,25.389307941609403
Bulgaria,2005,25.375126275900328
Bulgaria,2004,25.389307941609403
Bulgaria,2003,25.36094461019126
Bulgaria,2002,25.332581278773127
Bulgaria,2001,25.304217947354985
Bulgaria,2000,25.233309618809642
Burkina Faso,2014,18.8
Burkina Faso,2013,18.2
Burkina Faso,2012,17.7
Burkina Faso,2011,17.1
Burkina Faso,2010,16.6
Burkina Faso,2009,16.1
Burkina Faso,2008,15.6
Burkina Faso,2007,15.1
Burkina Faso,2006,22.85078977968612
Burundi,2014,18.2
Burundi,2013,17.6
Burundi,2012,17.1
Burundi,2011,16.6
Burundi,2010,16.1
Burundi,2009,15.7
Burundi,2008,15.2
Burundi,2007,22.921698108231464
Burundi,2006,22.822426448267983
Burundi,2005,22.7231547883045
Burundi,2004,22.609701462631953
Cabo Verde,2014,25.502761267281947
Cabo Verde,2013,29.7
Cabo Verde,2012,29.0
Cabo Verde,2011,28.2
Cabo Verde,2010,27.5
Cabo Verde,2009,26.8
Cabo Verde,2008,26.2
Cabo Verde,2007,25.5
Cabo Verde,2006,24.9
Cabo Verde,2005,24.3
Cabo Verde,2004,23.7
Cabo Verde,2003,23.2
Cabo Verde,2002,22.6
Cambodia,2014,18.9
Cambodia,2013,18.2
Cambodia,2012,17.6
Cambodia,2011,17.0
Cambodia,2010,16.4
Cambodia,2009,15.9
Cambodia,2008,15.3
Cambodia,2007,24.36822801055646
Cambodia,2006,24.24059301917484
Cameroon,2014,28.4
Cameroon,2013,27.8
Cameroon,2012,27.2
Cameroon,2011,26.6
Cameroon,2010,26.0
Cameroon,2009,25.4
Cameroon,2008,24.9
Cameroon,2007,24.4
Cameroon,2006,23.8
Cameroon,2005,23.3
Canada,2014,26.779111181098123
Canada,2013,26.750747849679986
Canada,2012,26.722384518261848
Canada,2011,26.70820285255278
Canada,2010,26.66565785542557
Canada,2009,26.637294524007437
Canada,2008,27.488194466551555
Canada,2007,27.204561152370182
Canada,2006,27.204561152370182
Canada,2005,26.637294524007437
Canada,2004,26.49547786691675
Canada,2003,26.452932869789546
Central African Republic,2014,22.1
Central African Republic,2013,21.6
Central African Republic,2012,21.2
Central African Republic,2011,22.212614822778033
Central African Republic,2010,22.127524828523622
Central African Republic,2009,19.8
Chad,2014,18.7
Chad,2013,18.2
Chad,2012,17.9
Chad,2011,17.5
Chad,2010,17.1
Chad,2009,16.7
Chad,2008,16.4
Chile,2014,26.92092783818881
Chile,2013,26.637294524007437
Chile,2012,26.481296201207684
Chile,2011,26.467114535498613
Chile,2010,26.367842875535132
Chile,2009,26.39620620695327
Chile,2008,26.438751204080475
Chile,2007,26.339479544116998
Chile,2006,26.339479544116998
China,2014,31.9
China,2013,25.87148457571773
China,2012,25.843121244299596
China,2011,29.0
China,2010,28.1
China,2009,27.3
China,2008,26.5
China,2007,25.7
China,2006,24.9
China,2005,24.1
China,2004,23.4
China,2003,22.6
China,2002,21.9
China,2001,21.2
China,2000,25.31839961306406
Colombia,2014,25.729667918627044
Colombia,2013,25.70130458720891
Colombia,2012,25.687122921499842
Colombia,2011,25.67294125579077
Colombia,2010,25.587851261536358
Colombia,2009,25.587851261536358
Colombia,2008,25.57366959582729
Colombia,2007,25.57366959582729
Colombia,2006,25.516942932991014
Colombia,2005,25.516942932991014
Colombia,2004,25.474397935863813
Colombia,2003,25.417671273027537
Colombia,2002,25.332581278773127
Colombia,2001,25.290036281645918
Colombia,2000,25.27585461593685
Comoros,2014,23.7
Comoros,2013,23.2
Comoros,2012,22.6
Comoros,2011,22.1
Comoros,2010,21.6
Comoros,2009,21.1
Comoros,2008,23.800961382193716
Comoros,2007,24.510044667647147
Comoros,2006,19.6
Comoros,2005,19.2
Comoros,2004,18.8
Comoros,2003,18.4
Costa Rica,2014,26.424569538371408
Costa Rica,2013,26.41038787266234
Costa Rica,2012,26.382024541244203
Costa Rica,2011,26.353661209826065
Costa Rica,2010,26.226026218444446
Costa Rica,2009,26.382024541244203
Costa Rica,2008,26.339479544116998
Costa Rica,2007,26.339479544116998
Costa Rica,2006,26.21184455273538
Costa Rica,2005,26.29693454698979
Costa Rica,2004,26.169299555608173
Costa Rica,2003,26.21184455273538
Costa Rica,2002,26.254389549862584
Costa Rica,2001,26.140936224190035
Costa Rica,2000,26.155117889899103
Croatia,2014,26.18348122131724
Croatia,2013,26.169299555608173
Croatia,2012,26.08420956135376
Croatia,2011,26.070027895644692
Croatia,2010,26.013301232808416
Croatia,2009,25.97075623568121
Croatia,2008,25.928211238554006
Croatia,2007,25.89984790713587
Cyprus,2014,26.92092783818881
Cyprus,2013,26.637294524007437
Cyprus,2012,26.49547786691675
Cyprus,2011,26.452932869789546
Cyprus,2010,26.424569538371408
Cyprus,2009,26.39620620695327
Cyprus,2008,26.367842875535132
Cyprus,2007,26.339479544116998
Cyprus,2006,26.325297878407927
Cyprus,2005,26.31111621269886
Cyprus,2004,26.29693454698979
Cyprus,2003,26.28275288128072
Cyprus,2002,26.268571215571654
Cyprus,2001,26.240207884153516
Cyprus,2000,26.226026218444446
Djibouti,2014,34.4
Djibouti,2013,33.8
Djibouti,2012,33.2
Djibouti,2011,32.7
Djibouti,2010,32.2
Djibouti,2009,31.7
Djibouti,2008,31.3
Djibouti,2007,23.63078139368489
Dominican Republic,2014,25.587851261536358
Dominican Republic,2013,25.559487930118223
Dominican Republic,2012,25.375126275900328
Dominican Republic,2011,25.516942932991014
Dominican Republic,2010,25.460216270154746
Dominican Republic,2009,25.587851261536358
Dominican Republic,2008,25.545306264409156
Dominican Republic,2007,25.48857960157288
Dominican Republic,2006,25.40348960731847
Dominican Republic,2005,25.034766298882687
Dominican Republic,2004,24.97803963604641
Dominican Republic,2003,25.502761267281947
Dominican Republic,2002,25.27585461593685
Dominican Republic,2001,25.247491284518716
Dominican Republic,2000,25.36094461019126
Ecuador,2014,25.928211238554006
Ecuador,2013,25.928211238554006
Ecuador,2012,25.857302910008663
Ecuador,2011,25.82893957859053
Ecuador,2010,25.78639458146332
Ecuador,2009,25.800576247172387
Ecuador,2008,25.729667918627044
Ecuador,2007,25.743849584336115
Ecuador,2006,25.70130458720891
Ecuador,2005,25.67294125579077
Ecuador,2004,25.70130458720891
Ecuador,2003,25.70130458720891
Ecuador,2002,25.587851261536358
Ecuador,2001,25.559487930118223
Ecuador,2000,25.474397935863813
El Salvador,2014,25.545306264409156
El Salvador,2013,25.502761267281947
El Salvador,2012,25.502761267281947
El Salvador,2011,25.36094461019126
El Salvador,2010,25.36094461019126
El Salvador,2009,25.27585461593685
El Salvador,2008,25.31839961306406
El Salvador,2007,25.247491284518716
El Salvador,2006,25.78639458146332
El Salvador,2005,25.219127953100575
El Salvador,2004,25.07731129600989
El Salvador,2003,25.06312963030082
El Salvador,2002,25.502761267281947
El Salvador,2001,24.921312973210135
El Salvador,2000,24.935494638919202
Equatorial Guinea,2014,24.0
Eritrea,2011,16.5
Eritrea,2010,16.0
Eritrea,2009,15.5
Eritrea,2008,15.1
Eritrea,2007,23.942778039284402
Eritrea,2006,23.616599727975824
Eritrea,2005,23.57405473084862
Eritrea,2004,23.531509733721414
Eritrea,2003,23.488964736594205
Eritrea,2002,23.446419739467004
Estonia,2014,26.112572892771897
Estonia,2013,26.055846229935625
Estonia,2012,25.97075623568121
Estonia,2011,25.942392904263073
Estonia,2010,25.87148457571773
Estonia,2009,25.772212915754253
Estonia,2008,25.67294125579077
Estonia,2007,25.502761267281947
Estonia,2006,25.502761267281947
Estonia,2005,25.474397935863813
Estonia,2004,25.40348960731847
Ethiopia,2014,17.2
Ethiopia,2013,16.8
Ethiopia,2012,16.4
Ethiopia,2011,16.0
Ethiopia,2010,15.6
Ethiopia,2009,15.3
Ethiopia,2008,23.63078139368489
Ethiopia,2007,23.446419739467004
Fiji,2014,25.034766298882687
Fiji,2013,25.020584633173616
Fiji,2012,24.992221301755478
Fiji,2011,24.963857970337344
Fiji,2010,24.949676304628273
Fiji,2009,24.921312973210135
Fiji,2008,24.892949641792
Fiji,2007,24.87876797608293
Fiji,2006,24.86458631037386
Fiji,2005,24.836222978955725
Fiji,2004,24.807859647537587
Fiji,2003,24.793677981828516
Fiji,2002,24.77949631611945
Fiji,2001,24.76531465041038
Fiji,2000,24.751132984701314
France,2014,26.807474512516258
France,2013,26.779111181098123
France,2012,26.70820285255278
France,2011,26.736566183970915
France,2010,26.679839521134642
France,2009,26.651476189716504
France,2008,27.771827780732924
France,2007,27.771827780732924
France,2006,27.34637780946087
France,2005,26.637294524007437
France,2004,26.779111181098123
France,2003,26.39620620695327
France,2002,26.382024541244203
France,2001,26.353661209826065
France,2000,26.325297878407927
Gabon,2014,35.8
Gabon,2013,35.2
Gabon,2012,34.6
Gabon,2011,34.1
Gabon,2010,33.5
Gabon,2009,33.0
Gabon,2008,32.4
Gabon,2007,31.9
Gabon,2006,31.4
Gabon,2005,24.36822801055646
Georgia,2014,25.715486252917977
Georgia,2013,25.715486252917977
Georgia,2012,25.67294125579077
Georgia,2011,25.630396258663566
Georgia,2010,25.6162145929545
Georgia,2009,25.53112459870009
Georgia,2008,25.630396258663566
Georgia,2007,25.70130458720891
Georgia,2006,25.630396258663566
Georgia,2005,25.630396258663566
Georgia,2004,25.40348960731847
Georgia,2003,25.460216270154746
Georgia,2002,25.31839961306406
Georgia,2001,25.502761267281947
Georgia,2000,25.332581278773127
Germany,2014,27.771827780732924
Germany,2013,27.34637780946087
Germany,2012,27.34637780946087
Germany,2011,27.204561152370182
Germany,2010,26.637294524007437
Germany,2009,26.49547786691675
Germany,2008,26.481296201207684
Germany,2007,26.467114535498613
Germany,2006,26.438751204080475
Germany,2005,26.382024541244203
Germany,2004,26.367842875535132
Germany,2003,26.28275288128072
Germany,2002,26.268571215571654
Germany,2001,26.254389549862584
Germany,2000,26.21184455273538
Ghana,2014,28.0
Ghana,2013,27.3
Ghana,2012,26.7
Ghana,2011,26.1
Ghana,2010,25.5
Ghana,2009,24.9
Ghana,2008,24.2
Ghana,2007,23.6
Ghana,2006,23.0
Ghana,2005,22.4
Ghana,2004,21.8
Ghana,2003,21.2
Ghana,2002,23.318784748085385
Greece,2014,27.63001112364224
Greece,2013,27.34637780946087
Greece,2012,27.062744495279496
Greece,2011,27.204561152370182
Greece,2010,26.92092783818881
Greece,2009,26.49547786691675
Greece,2008,26.481296201207684
Greece,2007,26.41038787266234
Greece,2006,26.452932869789546
Greece,2005,26.39620620695327
Greece,2004,26.382024541244203
Greece,2003,26.367842875535132
Greece,2002,26.353661209826065
Greece,2001,26.31111621269886
Greece,2000,26.240207884153516
Guatemala,2014,25.31839961306406
Guatemala,2013,25.27585461593685
Guatemala,2012,25.261672950227783
Guatemala,2011,25.233309618809642
Guatemala,2010,26.070027895644692
Guatemala,2009,25.928211238554006
Guatemala,2008,26.353661209826065
Guatemala,2007,25.78639458146332
Guatemala,2006,25.034766298882687
Guatemala,2005,24.963857970337344
Guinea,2014,22.7
Guinea,2013,22.2
Guinea,2012,21.7
Guinea,2011,21.2
Guinea,2010,23.34714807950352
Guinea,2009,23.276239750958176
Guinea,2008,19.8
Guinea,2007,19.4
Guinea-Bissau,2014,25.6
Guinea-Bissau,2013,25.0
Guinea-Bissau,2012,24.3
Guinea-Bissau,2011,23.7
Guinea-Bissau,2010,23.1
Guinea-Bissau,2009,22.5
Guyana,2014,24.510044667647147
Guyana,2013,24.495863001938076
Guyana,2012,24.48168133622901
Guyana,2011,24.45331800481087
Guyana,2010,24.495863001938076
Guyana,2009,24.524226333356214
Guyana,2008,24.552589664774352
Guyana,2007,24.467499670519942
Guyana,2006,39.6
Guyana,2005,39.0
Guyana,2004,38.4
Guyana,2003,37.8
Guyana,2002,37.1
Guyana,2001,36.4
Haiti,2014,24.09877636208416
Haiti,2013,24.042049699247883
Honduras,2014,25.715486252917977
Honduras,2013,25.687122921499842
Honduras,2012,25.6587595900817
Honduras,2011,25.630396258663566
Honduras,2010,25.587851261536358
Honduras,2009,25.559487930118223
Honduras,2008,25.53112459870009
Honduras,2007,25.502761267281947
Honduras,2006,25.474397935863813
Honduras,2005,25.431852938736604
Honduras,2004,25.389307941609403
Honduras,2003,25.346762944482194
Honduras,2002,25.304217947354985
Honduras,2001,39.6
Honduras,2000,38.8
India,2014,18.1
India,2013,17.5
India,2012,17.0
India,2011,16.4
India,2010,15.9
India,2009,15.4
India,2008,24.439136339101804
India,2007,24.3965913419746
India,2006,24.339864679138323
India,2005,24.28313801630205
India,2004,24.226411353465775
Indonesia,2014,26.5
Indonesia,2013,25.6
Indonesia,2012,24.7
Indonesia,2011,23.8
Indonesia,2010,22.9
Indonesia,2009,22.1
Indonesia,2008,21.3
Indonesia,2007,24.722769653283176
Indonesia,2006,19.7
Indonesia,2005,19.0
Indonesia,2004,18.2
Indonesia,2003,17.5
Indonesia,2002,16.7
Indonesia,2001,16.0
Indonesia,2000,15.4
Iraq,2014,24.77949631611945
Iraq,2013,25.006402967464545
Iraq,2012,25.928211238554006
Iraq,2011,26.070027895644692
Iraq,2010,25.928211238554006
Iraq,2009,25.644577924372634
Iraq,2008,24.97803963604641
Iraq,2007,24.495863001938076
Iraq,2006,24.325683013429256
Iraq,2005,24.623497993319695
Iraq,2004,24.68022465615597
Ireland,2014,26.66565785542557
Ireland,2013,26.637294524007437
Ireland,2012,27.204561152370182
Ireland,2011,27.062744495279496
Ireland,2010,27.34637780946087
Israel,2014,26.807474512516258
Israel,2013,26.79329284680719
Israel,2012,26.750747849679986
Israel,2011,26.750747849679986
Israel,2010,26.736566183970915
Israel,2009,26.70820285255278
Israel,2008,26.637294524007437
Israel,2007,27.062744495279496
Israel,2006,27.062744495279496
Israel,2005,26.49547786691675
Israel,2004,26.637294524007437
Israel,2003,26.452932869789546
Israel,2002,26.39620620695327
Israel,2001,26.39620620695327
Israel,2000,26.339479544116998
Italy,2014,26.850019509643467
Italy,2013,26.82165617822533
Italy,2012,26.779111181098123
Italy,2011,26.779111181098123
Italy,2010,26.750747849679986
Italy,2009,26.722384518261848
Italy,2008,26.70820285255278
Italy,2007,26.679839521134642
Italy,2006,26.66565785542557
Italy,2005,27.63001112364224
Italy,2004,27.771827780732924
Italy,2003,26.481296201207684
Italy,2002,26.49547786691675
Italy,2001,26.467114535498613
Italy,2000,26.41038787266234
Jamaica,2014,25.89984790713587
Jamaica,2013,25.87148457571773
Jamaica,2012,25.82893957859053
Jamaica,2011,25.814757912881458
Jamaica,2010,25.78639458146332
Jamaica,2009,25.743849584336115
Jamaica,2008,25.715486252917977
Jamaica,2007,25.67294125579077
Jamaica,2006,25.644577924372634
Jamaica,2005,25.57366959582729
Jamaica,2004,25.545306264409156
Jamaica,2003,25.516942932991014
Jordan,2014,25.644577924372634
Jordan,2013,25.630396258663566
Jordan,2012,25.60203292724543
Jordan,2011,25.587851261536358
Jordan,2010,25.559487930118223
Jordan,2009,25.545306264409156
Jordan,2008,25.516942932991014
Jordan,2007,25.502761267281947
Jordan,2006,25.474397935863813
Jordan,2005,25.417671273027537
Jordan,2004,25.431852938736604
Jordan,2003,25.40348960731847
Jordan,2002,25.375126275900328
Jordan,2001,25.346762944482194
Jordan,2000,25.31839961306406
Kazakhstan,2014,25.06312963030082
Kazakhstan,2013,25.006402967464545
Kazakhstan,2012,24.949676304628273
Kazakhstan,2011,24.86458631037386
Kazakhstan,2010,24.76531465041038
Kazakhstan,2009,24.76531465041038
Kazakhstan,2008,24.595134661901557
Kazakhstan,2007,24.410773007683666
Kazakhstan,2006,24.36822801055646
Kazakhstan,2005,24.311501347720185
Kazakhstan,2004,24.325683013429256
Kazakhstan,2003,24.28313801630205
Kazakhstan,2002,24.325683013429256
Kazakhstan,2001,24.28313801630205
Kazakhstan,2000,24.212229687756704
Kenya,2014,21.3
Kenya,2013,24.027868033538816
Kenya,2012,23.956959704993473
Kenya,2011,19.5
Kenya,2010,18.9
Kenya,2009,18.4
Kenya,2008,17.9
Kenya,2007,17.3
Kenya,2006,16.9
Kenya,2005,16.4
Kenya,2004,15.9
Kenya,2003,15.5
Kenya,2002,15.1
Kiribati,2014,24.524226333356214
Kiribati,2013,24.48168133622901
Kiribati,2012,24.467499670519942
Kiribati,2011,24.439136339101804
Kiribati,2010,24.410773007683666
Kiribati,2009,24.3965913419746
Kiribati,2008,24.382409676265528
Kiribati,2007,24.36822801055646
Kiribati,2006,24.36822801055646
Kiribati,2005,24.354046344847394
Kiribati,2004,24.339864679138323
Kiribati,2003,24.325683013429256
Kiribati,2002,24.311501347720185
Kiribati,2001,24.26895635059298
Kiribati,2000,24.24059301917484
Latvia,2014,25.70130458720891
Latvia,2013,25.6587595900817
Latvia,2012,25.6162145929545
Latvia,2011,25.587851261536358
Latvia,2010,25.474397935863813
Latvia,2009,25.44603460444567
Latvia,2008,25.346762944482194
Latvia,2007,26.21184455273538
Latvia,2006,25.78639458146332
Latvia,2005,25.928211238554006
Latvia,2004,25.219127953100575
Latvia,2003,26.21184455273538
Latvia,2002,25.502761267281947
Latvia,2001,25.06312963030082
Latvia,2000,25.219127953100575
Lebanon,2014,25.758031250045185
Lebanon,2013,25.772212915754253
Lebanon,2012,25.78639458146332
Lebanon,2011,25.78639458146332
Lebanon,2010,25.772212915754253
Lebanon,2009,25.743849584336115
Lebanon,2008,25.715486252917977
Lebanon,2007,25.70130458720891
Lebanon,2006,25.6587595900817
Lebanon,2005,25.630396258663566
Lebanon,2004,25.60203292724543
Lebanon,2003,25.57366959582729
Lebanon,2002,25.53112459870009
Lebanon,2001,25.502761267281947
Lebanon,2000,25.460216270154746
Lesotho,2014,32.0
Lesotho,2013,31.4
Lesotho,2012,22.55297479979568
Lesotho,2011,22.56715646550475
Lesotho,2010,29.7
Lesotho,2009,29.2
Lesotho,2008,28.8
Lesotho,2007,28.3
Lesotho,2006,27.9
Lesotho,2005,27.4
Lesotho,2004,26.9
Lesotho,2003,26.4
Liberia,2014,26.7
Liberia,2013,26.1
Liberia,2012,25.6
Liberia,2011,25.0
Liberia,2010,24.5
Liberia,2009,24.0
Liberia,2008,23.4
Lithuania,2014,25.559487930118223
Lithuania,2013,25.502761267281947
Lithuania,2012,25.502761267281947
Lithuania,2011,25.474397935863813
Lithuania,2010,25.417671273027537
Lithuania,2009,25.389307941609403
Lithuania,2008,25.233309618809642
Lithuania,2007,25.36094461019126
Lithuania,2006,25.928211238554006
Lithuania,2005,26.21184455273538
Lithuania,2004,25.304217947354985
Lithuania,2003,25.304217947354985
Lithuania,2002,25.27585461593685
Lithuania,2001,25.247491284518716
Lithuania,2000,25.304217947354985
Luxembourg,2014,26.736566183970915
Luxembourg,2013,26.694021186843713
Luxembourg,2012,26.651476189716504
Luxembourg,2011,27.63001112364224
Luxembourg,2010,27.34637780946087
Luxembourg,2009,26.92092783818881
Luxembourg,2008,26.49547786691675
Luxembourg,2007,26.452932869789546
Luxembourg,2006,26.41038787266234
Luxembourg,2005,26.325297878407927
Luxembourg,2004,26.31111621269886
Luxembourg,2003,26.29693454698979
Luxembourg,2002,26.254389549862584
Luxembourg,2001,26.21184455273538
Luxembourg,2000,26.18348122131724
Madagascar,2014,24.382409676265528
Madagascar,2013,19.5
Madagascar,2012,19.0
Madagascar,2011,18.5
Madagascar,2010,18.0
Madagascar,2009,17.6
Madagascar,2008,17.1
Madagascar,2007,16.7
Madagascar,2006,16.3
Madagascar,2005,15.8
Madagascar,2004,15.4
Madagascar,2003,15.0
Madagascar,2002,23.55987306513955
Malawi,2014,19.2
Malawi,2013,18.8
Malawi,2012,18.4
Malawi,2011,18.0
Malawi,2010,17.6
Malawi,2009,17.3
Malawi,2008,16.9
Malawi,2007,16.6
Malawi,2006,16.2
Malawi,2005,15.9
Malawi,2004,15.5
Malawi,2003,15.2
Malawi,2002,21.390078211652053
Malaysia,2014,39.5
Malaysia,2013,38.5
Malaysia,2012,37.4
Malaysia,2011,36.3
Malaysia,2010,35.3
Malaysia,2009,34.4
Malaysia,2008,33.4
Malaysia,2007,32.5
Malaysia,2006,31.6
Malaysia,2005,25.559487930118223
Malaysia,2004,29.8
Malaysia,2003,28.8
Malaysia,2002,27.9
Malaysia,2001,27.0
Malaysia,2000,26.0
Maldives,2014,26.2
Maldives,2013,25.1
Maldives,2012,24.1
Maldives,2011,23.1
Maldives,2010,22.1
Maldives,2009,21.2
Maldives,2008,25.91402957284494
Maldives,2007,19.5
Maldives,2006,18.7
Maldives,2005,18.0
Maldives,2004,17.3
Maldives,2003,16.7
Maldives,2002,16.2
Maldives,2001,15.6
Maldives,2000,15.2
Mali,2014,23.2
Mali,2013,22.5
Mali,2012,21.9
Mali,2011,21.3
Mali,2010,23.16278642528563
Mali,2009,23.091878096740288
Mali,2008,19.6
Mali,2007,19.0
Mali,2006,18.5
Mali,2005,18.0
Mali,2004,17.5
Mali,2003,17.0
Malta,2014,26.694021186843713
Malta,2013,26.651476189716504
Malta,2012,26.637294524007437
Malta,2011,27.488194466551555
Malta,2010,26.92092783818881
Malta,2009,26.779111181098123
Malta,2008,26.49547786691675
Malta,2007,26.438751204080475
Malta,2006,26.39620620695327
Malta,2005,26.353661209826065
Malta,2004,26.31111621269886
Malta,2003,26.28275288128072
Mauritania,2014,24.08459469637509
Mauritania,2013,29.4
Mauritania,2012,28.8
Mauritania,2011,28.1
Mauritania,2010,27.4
Mauritania,2009,26.8
Mauritania,2008,26.1
Mauritania,2007,25.5
Mauritania,2006,24.8
Mauritania,2005,24.2
Mauritius,2014,32.8
Mauritius,2013,32.3
Mauritius,2012,31.8
Mauritius,2011,31.3
Mauritius,2010,25.545306264409156
Mauritius,2009,25.474397935863813
Mauritius,2008,29.7
Mauritius,2007,29.1
Mauritius,2006,28.6
Mauritius,2005,28.0
Mauritius,2004,27.5
Mauritius,2003,26.9
Mauritius,2002,26.4
Mauritius,2001,25.8
Mauritius,2000,25.3
Mexico,2014,26.013301232808416
Mexico,2013,26.013301232808416
Mexico,2012,25.97075623568121
Mexico,2011,25.942392904263073
Mexico,2010,25.87148457571773
Mexico,2009,25.8856662414268
Mexico,2008,25.87148457571773
Mexico,2007,25.928211238554006
Mexico,2006,25.89984790713587
Mexico,2005,25.82893957859053
Mexico,2004,25.843121244299596
Mexico,2003,25.78639458146332
Mexico,2002,25.78639458146332
Mexico,2001,25.78639458146332
Mexico,2000,25.758031250045185
Mongolia,2014,24.850404644664792
Mongolia,2013,24.807859647537587
Mongolia,2012,24.76531465041038
Mongolia,2011,24.69440632186504
Mongolia,2010,24.552589664774352
Mongolia,2009,24.637679659028763
Mongolia,2008,24.708587987574106
Mongolia,2007,24.495863001938076
Mongolia,2006,24.36822801055646
Mongolia,2005,24.297319682011118
Mongolia,2004,24.226411353465775
Mongolia,2003,24.226411353465775
Mongolia,2002,39.8
Mongolia,2001,39.1
Mongolia,2000,38.5
Montenegro,2014,25.91402957284494
Montenegro,2013,25.89984790713587
Montenegro,2012,25.87148457571773
Montenegro,2011,25.843121244299596
Montenegro,2010,25.82893957859053
Montenegro,2009,25.78639458146332
Montenegro,2008,25.729667918627044
Montenegro,2007,25.67294125579077
Montenegro,2006,25.6162145929545
Morocco,2014,25.6587595900817
Morocco,2013,25.630396258663566
Morocco,2012,25.587851261536358
Morocco,2011,25.545306264409156
Morocco,2010,25.474397935863813
Morocco,2009,25.40348960731847
Morocco,2008,25.332581278773127
Morocco,2007,25.27585461593685
Morocco,2006,25.219127953100575
Morocco,2005,26.070027895644692
Morocco,2004,25.36094461019126
Morocco,2003,25.06312963030082
Morocco,2002,25.006402967464545
Morocco,2001,24.935494638919202
Morocco,2000,24.87876797608293
Mozambique,2014,22.2
Mozambique,2013,21.8
Mozambique,2012,21.3
Mozambique,2011,22.85078977968612
Mozambique,2010,22.808244782558916
Mozambique,2009,22.779881451140778
Mozambique,2008,19.7
Mozambique,2007,19.3
Mozambique,2006,18.9
Mozambique,2005,18.5
Mozambique,2004,18.1
Mozambique,2003,17.7
Mozambique,2002,17.3
Mozambique,2001,16.9
Myanmar,2014,22.9
Myanmar,2013,22.1
Myanmar,2012,21.3
Myanmar,2011,24.45331800481087
Myanmar,2010,19.8
Myanmar,2009,19.1
Myanmar,2008,18.3
Myanmar,2007,17.6
Myanmar,2006,17.0
Myanmar,2005,16.4
Myanmar,2004,15.7
Myanmar,2003,15.2
Namibia,2014,34.9
Namibia,2013,34.1
Namibia,2012,33.3
Namibia,2011,32.5
Namibia,2010,31.8
Nepal,2014,18.5
Nepal,2013,18.0
Nepal,2012,17.4
Nepal,2011,16.9
Nepal,2010,16.4
Nepal,2009,15.9
Nepal,2008,15.4
Nepal,2007,24.595134661901557
Nepal,2006,24.510044667647147
Nepal,2005,24.424954673392733
Nepal,2004,24.325683013429256
Nepal,2003,24.26895635059298
Netherlands,2014,26.736566183970915
Netherlands,2013,26.694021186843713
Netherlands,2012,26.651476189716504
Netherlands,2011,26.651476189716504
Nicaragua,2014,25.715486252917977
Nicaragua,2013,25.630396258663566
Nicaragua,2012,25.630396258663566
Nicaragua,2011,25.715486252917977
Nicaragua,2010,25.53112459870009
Nicaragua,2009,25.53112459870009
Nicaragua,2008,25.431852938736604
Nicaragua,2007,25.431852938736604
Nicaragua,2006,25.502761267281947
Nicaragua,2005,25.247491284518716
Nicaragua,2004,25.219127953100575
Nicaragua,2003,25.928211238554006
Nicaragua,2002,25.78639458146332
Nicaragua,2001,25.502761267281947
Nicaragua,2000,25.502761267281947
Niger,2014,18.9
Niger,2013,18.5
Niger,2012,18.1
Niger,2011,17.7
Niger,2010,17.3
Niger,2009,16.9
Nigeria,2014,24.7
Nigeria,2013,24.1
Nigeria,2012,23.5
Nigeria,2011,22.8
Nigeria,2010,22.2
Nigeria,2009,21.6
Nigeria,2008,21.0
Nigeria,2007,22.950061439649602
Nigeria,2006,19.9
Nigeria,2005,19.3
Pakistan,2014,24.7
Pakistan,2013,23.9
Pakistan,2012,23.2
Pakistan,2011,22.5
Pakistan,2010,21.9
Pakistan,2009,21.3
Pakistan,2008,24.311501347720185
Pakistan,2007,24.28313801630205
Pakistan,2006,19.5
Pakistan,2005,18.9
Pakistan,2004,18.4
Pakistan,2003,17.9
Panama,2014,26.155117889899103
Panama,2013,26.140936224190035
Panama,2012,26.09839122706283
Panama,2011,26.112572892771897
Panama,2010,25.99911956709935
Panama,2009,26.041664564226554
Panama,2008,25.99911956709935
Panama,2007,25.984937901390282
Panama,2006,25.956574569972144
Panama,2005,25.89984790713587
Panama,2004,25.89984790713587
Panama,2003,25.857302910008663
Panama,2002,25.8856662414268
Panama,2001,25.857302910008663
Papua New Guinea,2014,24.042049699247883
Papua New Guinea,2013,23.999504702120674
Papua New Guinea,2012,23.97114137070254
Papua New Guinea,2011,23.942778039284402
Papua New Guinea,2010,23.914414707866264
Papua New Guinea,2009,23.88605137644813
Papua New Guinea,2008,23.857688045029988
Papua New Guinea,2007,23.815143047902787
Papua New Guinea,2006,24.793677981828516
Papua New Guinea,2005,24.226411353465775
Papua New Guinea,2004,23.644963059393962
Papua New Guinea,2003,39.6
Papua New Guinea,2002,38.9
Papua New Guinea,2001,38.2
Papua New Guinea,2000,37.5
Paraguay,2014,25.630396258663566
Paraguay,2013,25.6162145929545
Paraguay,2012,25.587851261536358
Paraguay,2011,25.559487930118223
Paraguay,2010,25.53112459870009
Paraguay,2009,25.502761267281947
Paraguay,2008,25.460216270154746
Paraguay,2007,25.431852938736604
Paraguay,2006,25.40348960731847
Paraguay,2005,25.375126275900328
Paraguay,2004,25.346762944482194
Paraguay,2003,25.31839961306406
Peru,2014,25.82893957859053
Peru,2013,25.82893957859053
Peru,2012,25.772212915754253
Peru,2011,25.715486252917977
Peru,2010,25.60203292724543
Peru,2009,25.6162145929545
Peru,2008,25.630396258663566
Peru,2007,25.644577924372634
Peru,2006,25.67294125579077
Peru,2005,25.474397935863813
Peru,2004,25.389307941609403
Peru,2003,25.375126275900328
Philippines,2014,24.8
Philippines,2013,24.3
Philippines,2012,23.7
Philippines,2011,23.1
Philippines,2010,22.6
Philippines,2009,22.1
Philippines,2008,21.6
Philippines,2007,21.1
Philippines,2006,24.69440632186504
Philippines,2005,24.651861324737833
Philippines,2004,19.6
Philippines,2003,19.2
Philippines,2002,18.7
Philippines,2001,18.3
Philippines,2000,17.8
Poland,2014,26.112572892771897
Poland,2013,26.08420956135376
Poland,2012,26.041664564226554
Poland,2011,26.027482898517487
Poland,2010,25.97075623568121
Poland,2009,25.8856662414268
Poland,2008,25.857302910008663
Poland,2007,25.82893957859053
Poland,2006,25.814757912881458
Poland,2005,25.78639458146332
Poland,2004,25.772212915754253
Poland,2003,25.743849584336115
Poland,2002,25.715486252917977
Poland,2001,25.67294125579077
Poland,2000,25.60203292724543
Portugal,2014,27.771827780732924
Portugal,2013,27.34637780946087
Portugal,2012,26.92092783818881
Portugal,2011,26.779111181098123
Portugal,2010,26.438751204080475
Portugal,2009,26.39620620695327
Portugal,2008,26.353661209826065
Portugal,2007,26.31111621269886
Portugal,2006,26.28275288128072
Portugal,2005,26.169299555608173
Portugal,2004,26.21184455273538
Portugal,2003,26.112572892771897
Portugal,2002,26.09839122706283
Portugal,2001,26.055846229935625
Portugal,2000,26.013301232808416
Romania,2014,25.758031250045185
Romania,2013,25.729667918627044
Romania,2012,25.70130458720891
Romania,2011,25.687122921499842
Romania,2010,25.559487930118223
Romania,2009,25.516942932991014
Romania,2008,25.516942932991014
Romania,2007,25.48857960157288
Romania,2006,25.431852938736604
Romania,2005,25.346762944482194
Romania,2004,25.31839961306406
Romania,2003,25.233309618809642
Romania,2002,26.070027895644692
Romania,2001,26.21184455273538
Romania,2000,26.070027895644692
Russian Federation,2014,25.502761267281947
Russian Federation,2013,25.07731129600989
Russian Federation,2012,25.020584633173616
Russian Federation,2011,24.992221301755478
Russian Federation,2010,24.850404644664792
Russian Federation,2009,24.822041313246658
Russian Federation,2008,24.722769653283176
Russian Federation,2007,24.69440632186504
Russian Federation,2006,24.56677133048342
Russian Federation,2005,24.36822801055646
Russian Federation,2004,24.354046344847394
Russian Federation,2003,24.311501347720185
Russian Federation,2002,24.339864679138323
Russian Federation,2001,24.382409676265528
Rwanda,2014,24.467499670519942
Rwanda,2013,24.3965913419746
Rwanda,2012,19.5
Rwanda,2011,18.9
Rwanda,2010,18.3
Rwanda,2009,17.7
Rwanda,2008,17.1
Rwanda,2007,16.5
Rwanda,2006,15.9
Rwanda,2005,15.4
Rwanda,2004,22.7231547883045
Rwanda,2003,22.524611468377543
Rwanda,2002,23.233694753830974
Samoa,2014,25.6162145929545
Samoa,2013,25.587851261536358
Samoa,2012,25.53112459870009
Samoa,2011,25.502761267281947
Samoa,2010,25.44603460444567
Samoa,2009,25.928211238554006
Samoa,2008,25.431852938736604
Samoa,2007,25.389307941609403
Samoa,2006,25.36094461019126
Samoa,2005,25.304217947354985
Samoa,2004,25.27585461593685
Samoa,2003,26.353661209826065
Samoa,2002,25.928211238554006
Samoa,2001,25.78639458146332
Samoa,2000,25.36094461019126
Sao Tome and Principe,2014,24.69440632186504
Sao Tome and Principe,2013,29.3
Sao Tome and Principe,2012,28.5
Sao Tome and Principe,2011,27.7
Sao Tome and Principe,2010,26.9
Sao Tome and Principe,2009,26.2
Sao Tome and Principe,2008,25.4
Sao Tome and Principe,2007,24.7
Sao Tome and Principe,2006,24.0
Sao Tome and Principe,2005,23.4
Sao Tome and Principe,2004,22.8
Sao Tome and Principe,2003,22.2
Senegal,2014,23.8
Senegal,2013,23.2
Senegal,2012,22.7
Senegal,2011,22.2
Senegal,2010,21.7
Senegal,2009,21.2
Senegal,2008,24.05623136495695
Senegal,2007,23.956959704993473
Senegal,2006,19.9
Senegal,2005,19.5
Senegal,2004,19.1
Serbia,2014,25.843121244299596
Serbia,2013,25.82893957859053
Serbia,2012,25.772212915754253
Serbia,2011,25.729667918627044
Serbia,2010,25.70130458720891
Serbia,2009,25.6587595900817
Serbia,2008,25.644577924372634
Serbia,2007,25.6162145929545
Serbia,2006,25.587851261536358
Serbia,2005,25.502761267281947
Serbia,2004,25.502761267281947
Seychelles,2014,36.2
Seychelles,2013,35.5
Seychelles,2012,34.8
Seychelles,2011,34.2
Seychelles,2010,33.5
Seychelles,2009,32.4
Seychelles,2008,31.8
Seychelles,2007,31.2
Seychelles,2006,25.389307941609403
Seychelles,2005,25.389307941609403
Seychelles,2004,29.2
Seychelles,2003,28.7
Seychelles,2002,28.1
Seychelles,2001,27.6
Seychelles,2000,27.1
Sierra Leone,2014,23.8
Sierra Leone,2013,23.3
Sierra Leone,2012,22.7
Sierra Leone,2011,22.2
Sierra Leone,2010,21.7
Sierra Leone,2009,21.2
Sierra Leone,2008,21.702074857251564
Sierra Leone,2007,21.574439865869948
Solomon Islands,2014,24.907131307501068
Solomon Islands,2013,24.907131307501068
Solomon Islands,2012,24.892949641792
Solomon Islands,2011,24.86458631037386
Solomon Islands,2010,24.836222978955725
Solomon Islands,2009,24.807859647537587
Solomon Islands,2008,24.793677981828516
Solomon Islands,2007,24.736951318992244
Solomon Islands,2006,24.736951318992244
Solomon Islands,2005,24.708587987574106
Solomon Islands,2004,24.6660429904469
Solomon Islands,2003,24.623497993319695
Solomon Islands,2002,39.6
Solomon Islands,2001,38.7
Solomon Islands,2000,37.9
South Africa,2014,23.942778039284402
South Africa,2013,24.935494638919202
South Africa,2012,23.54569139943048
South Africa,2011,23.503146402303276
South Africa,2010,23.37551141092166
South Africa,2009,23.16278642528563
South Africa,2008,22.992606436776807
South Africa,2007,22.87915311110426
South Africa,2006,22.808244782558916
South Africa,2005,22.779881451140778
South Africa,2004,22.76569978543171
South Africa,2003,22.808244782558916
South Africa,2002,22.93587977394053
South Africa,2001,23.091878096740288
South Africa,2000,23.276239750958176
Spain,2014,26.864201175352534
Spain,2013,26.8358378439344
Spain,2012,26.779111181098123
Spain,2011,26.79329284680719
Spain,2010,26.764929515389056
Spain,2009,26.722384518261848
Spain,2008,26.679839521134642
Spain,2007,27.771827780732924
Spain,2006,27.63001112364224
Spain,2005,26.637294524007437
Spain,2004,26.637294524007437
Spain,2003,26.41038787266234
Spain,2002,26.424569538371408
Spain,2001,26.41038787266234
Spain,2000,26.367842875535132
Sri Lanka,2014,22.7
Sri Lanka,2013,21.9
Sri Lanka,2012,21.2
Sri Lanka,2011,25.715486252917977
Sri Lanka,2010,19.8
Sri Lanka,2009,19.2
Sri Lanka,2008,18.5
Sri Lanka,2007,17.9
Sri Lanka,2006,17.2
Sri Lanka,2005,16.6
Sri Lanka,2004,16.1
Sri Lanka,2003,15.6
Suriname,2014,25.27585461593685
Suriname,2013,25.247491284518716
Suriname,2012,25.261672950227783
Suriname,2011,25.928211238554006
Suriname,2010,25.502761267281947
Suriname,2009,25.07731129600989
Suriname,2008,25.048947964591754
Suriname,2007,25.006402967464545
Suriname,2006,24.97803963604641
Suriname,2005,24.921312973210135
Swaziland,2014,31.8
Swaziland,2013,31.2
Swaziland,2012,23.16278642528563
Swaziland,2011,22.950061439649602
Swaziland,2010,29.7
Swaziland,2009,29.3
Swaziland,2008,28.9
Swaziland,2007,28.5
Swaziland,2006,28.2
Swaziland,2005,27.8
Swaziland,2004,27.4
Swaziland,2003,27.1
Swaziland,2002,26.7
Swaziland,2001,26.3
Swaziland,2000,25.9
Sweden,2014,26.82165617822533
Sweden,2013,26.764929515389056
Sweden,2012,26.736566183970915
Sweden,2011,26.736566183970915
Syrian Arab Republic,2007,25.6162145929545
Syrian Arab Republic,2006,25.60203292724543
Syrian Arab Republic,2005,25.57366959582729
Syrian Arab Republic,2004,25.53112459870009
Syrian Arab Republic,2003,25.502761267281947
Syrian Arab Republic,2002,25.474397935863813
Syrian Arab Republic,2001,25.460216270154746
Syrian Arab Republic,2000,25.44603460444567
Tajikistan,2014,39.9
Tajikistan,2013,39.0
Tajikistan,2012,38.2
Tajikistan,2011,37.4
Tajikistan,2010,36.6
Tajikistan,2009,35.9
Tajikistan,2008,35.3
Tajikistan,2007,34.7
Tajikistan,2006,34.1
Tajikistan,2005,33.5
Tajikistan,2004,33.0
Tajikistan,2003,32.5
Tajikistan,2002,32.1
Thailand,2014,32.4
Thailand,2013,31.3
Thailand,2012,25.687122921499842
Thailand,2011,29.0
Thailand,2010,27.9
Thailand,2009,26.8
Thailand,2008,25.7
Thailand,2007,24.6
Thailand,2006,23.6
Thailand,2005,22.6
Thailand,2004,21.7
Thailand,2003,25.31839961306406
Thailand,2002,25.27585461593685
Thailand,2001,19.4
Thailand,2000,18.7
Timor-Leste,2014,17.0
Timor-Leste,2013,16.6
Timor-Leste,2012,16.2
Timor-Leste,2011,15.8
Timor-Leste,2010,15.5
Timor-Leste,2009,15.1
Timor-Leste,2008,24.538407999065285
Togo,2014,23.7
Togo,2013,23.1
Togo,2012,22.6
Togo,2011,22.0
Togo,2010,21.4
Togo,2009,23.191149756703766
Togo,2008,23.120241428158423
Tonga,2014,25.545306264409156
Tonga,2013,25.53112459870009
Tonga,2012,25.502761267281947
Tonga,2011,25.48857960157288
Tonga,2010,25.474397935863813
Tonga,2009,25.431852938736604
Tonga,2008,25.44603460444567
Tonga,2007,25.431852938736604
Tonga,2006,25.417671273027537
Tonga,2005,25.40348960731847
Tonga,2004,25.389307941609403
Tonga,2003,25.36094461019126
Tonga,2002,25.346762944482194
Tonga,2001,25.332581278773127
Tonga,2000,25.304217947354985
Trinidad and Tobago,2014,25.233309618809642
Trinidad and Tobago,2013,25.219127953100575
Trinidad and Tobago,2012,26.21184455273538
Trinidad and Tobago,2011,25.928211238554006
Trinidad and Tobago,2010,25.644577924372634
Trinidad and Tobago,2009,25.219127953100575
Trinidad and Tobago,2008,25.06312963030082
Trinidad and Tobago,2007,39.3
Trinidad and Tobago,2006,38.4
Trinidad and Tobago,2005,37.6
Trinidad and Tobago,2004,36.8
Trinidad and Tobago,2003,36.0
Trinidad and Tobago,2002,35.2
Tunisia,2014,25.800576247172387
Tunisia,2013,25.772212915754253
Tunisia,2012,25.772212915754253
Tunisia,2011,25.758031250045185
Tunisia,2010,25.758031250045185
Tunisia,2009,25.743849584336115
Tunisia,2008,25.743849584336115
Tunisia,2007,25.729667918627044
Tunisia,2006,25.70130458720891
Tunisia,2005,25.67294125579077
Tunisia,2004,25.644577924372634
Tunisia,2003,25.60203292724543
Tunisia,2002,25.57366959582729
Tunisia,2001,25.53112459870009
Tunisia,2000,25.48857960157288
Turkey,2014,25.857302910008663
Turkey,2013,25.814757912881458
Turkey,2012,25.758031250045185
Turkey,2011,25.715486252917977
Turkey,2010,25.67294125579077
Turkey,2009,25.630396258663566
Turkey,2008,25.57366959582729
Turkey,2007,25.53112459870009
Turkey,2006,25.474397935863813
Turkey,2005,25.417671273027537
Turkey,2004,25.36094461019126
Turkey,2003,25.304217947354985
Turkey,2002,25.247491284518716
Turkey,2001,26.21184455273538
Turkey,2000,25.644577924372634
Turkmenistan,2014,24.510044667647147
Turkmenistan,2013,24.424954673392733
Turkmenistan,2012,24.45331800481087
Turkmenistan,2011,24.45331800481087
Turkmenistan,2010,24.48168133622901
Turkmenistan,2009,24.45331800481087
Turkmenistan,2008,24.297319682011118
Turkmenistan,2007,24.24059301917484
Turkmenistan,2006,24.18386635633857
Turkmenistan,2005,24.127139693502293
Turkmenistan,2004,24.15550302492043
Turkmenistan,2003,39.4
Turkmenistan,2002,38.7
Uganda,2014,18.1
Uganda,2013,17.6
Uganda,2012,17.2
Uganda,2011,16.7
Uganda,2010,16.3
Uganda,2009,15.9
Uganda,2008,15.6
Uganda,2007,15.2
Uganda,2006,22.93587977394053
Uganda,2005,22.694791456886367
Uganda,2004,22.425339808414062
Uganda,2003,22.382794811286857
Uganda,2002,22.070798165687346
Ukraine,2014,26.21184455273538
Ukraine,2013,25.219127953100575
Ukraine,2012,26.070027895644692
Ukraine,2011,25.78639458146332
Ukraine,2010,25.048947964591754
Ukraine,2009,24.963857970337344
Ukraine,2008,24.751132984701314
Ukraine,2007,24.722769653283176
Ukraine,2006,24.751132984701314
Ukraine,2005,24.651861324737833
Ukraine,2004,24.708587987574106
Ukraine,2003,24.736951318992244
Ukraine,2002,24.736951318992244
Ukraine,2001,24.751132984701314
Ukraine,2000,24.722769653283176
Uruguay,2014,26.041664564226554
Uruguay,2013,26.041664564226554
Uruguay,2012,25.99911956709935
Uruguay,2011,26.070027895644692
Uruguay,2010,25.97075623568121
Uruguay,2009,26.013301232808416
Uruguay,2008,25.984937901390282
Uruguay,2007,25.843121244299596
Uruguay,2006,25.956574569972144
Uruguay,2005,25.8856662414268
Uruguay,2004,25.843121244299596
Uruguay,2003,25.843121244299596
Uruguay,2002,25.843121244299596
Uruguay,2001,25.814757912881458
Uruguay,2000,25.800576247172387
Uzbekistan,2014,24.963857970337344
Uzbekistan,2013,24.949676304628273
Uzbekistan,2012,24.907131307501068
Uzbekistan,2011,24.86458631037386
Uzbekistan,2010,24.836222978955725
Uzbekistan,2009,24.793677981828516
Uzbekistan,2008,39.3
Uzbekistan,2007,38.7
Uzbekistan,2006,38.1
Uzbekistan,2005,37.5
Uzbekistan,2004,37.0
Uzbekistan,2003,36.4
Uzbekistan,2002,35.9
Vanuatu,2014,25.31839961306406
Vanuatu,2013,25.304217947354985
Vanuatu,2012,25.27585461593685
Vanuatu,2011,25.247491284518716
Vanuatu,2010,25.219127953100575
Vanuatu,2009,26.21184455273538
Vanuatu,2008,25.78639458146332
Vanuatu,2007,25.502761267281947
Vanuatu,2006,25.219127953100575
Vanuatu,2005,25.06312963030082
Vanuatu,2004,25.020584633173616
Vanuatu,2003,24.992221301755478
Vanuatu,2002,24.97803963604641
Vanuatu,2001,24.949676304628273
Vanuatu,2000,24.935494638919202
Zambia,2014,22.8
Zambia,2013,22.3
Zambia,2012,21.7
Zambia,2011,21.2
Zambia,2010,23.37551141092166
Zambia,2009,23.290421416667247
Zambia,2008,19.7
Zambia,2007,19.2
Zambia,2006,18.8
Zambia,2005,18.4
Zimbabwe,2014,31.3
Zimbabwe,2013,23.37551141092166
Zimbabwe,2012,23.1769680909947
Zimbabwe,2011,29.9
Zimbabwe,2010,29.4
Zimbabwe,2009,29.0
Zimbabwe,2008,28.6
Zimbabwe,2007,28.2
Zimbabwe,2006,27.9
Zimbabwe,2005,27.5
Zimbabwe,2004,27.1
Zimbabwe,2003,26.7
Zimbabwe,2002,26.3
Zimbabwe,2001,25.9
Zimbabwe,2000,25.5
